<?xml version="1.0" encoding="UTF-8"?>
<!--
This software is in the public domain under CC0 1.0 Universal plus a
Grant of Patent License.

To the extent possible under law, the author(s) have dedicated all
copyright and related and neighboring rights to this software to the
public domain worldwide. This software is distributed without any
warranty.

You should have received a copy of the CC0 Public Domain Dedication
along with this software (see the LICENSE.md file). If not, see
<http://creativecommons.org/publicdomain/zero/1.0/>.
-->
<entity-facade-xml type="install">

    <moqui.basic.EnumerationType description="ACH Return Code" enumTypeId="ACHReturnCode"/>
    <moqui.basic.Enumeration enumId="ACHRC_R00" description="Manually Cancelled" enumCode="R00" enumTypeId="ACHReturnCode"/>
    <moqui.basic.Enumeration enumId="ACHRC_R01" description="Insufficient Funds" enumCode="R01" enumTypeId="ACHReturnCode"/>
    <moqui.basic.Enumeration enumId="ACHRC_R02" description="Account Closed" enumCode="R02" enumTypeId="ACHReturnCode"/>
    <moqui.basic.Enumeration enumId="ACHRC_R03" description="No Account/Unable to Locate Accountt" enumCode="R03" enumTypeId="ACHReturnCode"/>
    <moqui.basic.Enumeration enumId="ACHRC_R04" description="Invalid Account Number Structure" enumCode="R04" enumTypeId="ACHReturnCode"/>
    <moqui.basic.Enumeration enumId="ACHRC_R05" description="Unauthorized Debit to Consumer Account Using Corporate SEC Code" enumCode="R05" enumTypeId="ACHReturnCode"/>
    <moqui.basic.Enumeration enumId="ACHRC_R06" description="Return per ODFI's Request" enumCode="R06" enumTypeId="ACHReturnCode"/>
    <moqui.basic.Enumeration enumId="ACHRC_R07" description="Authorization Revoked by Customer" enumCode="R07" enumTypeId="ACHReturnCode"/>
    <moqui.basic.Enumeration enumId="ACHRC_R08" description="Payment Stopped" enumCode="R08" enumTypeId="ACHReturnCode"/>
    <moqui.basic.Enumeration enumId="ACHRC_R09" description="Uncollected Funds" enumCode="R09" enumTypeId="ACHReturnCode"/>
    <moqui.basic.Enumeration enumId="ACHRC_R10" description="Customer Advises Not Authorized, Improper, or Ineligible" enumCode="R10" enumTypeId="ACHReturnCode"/>
    <moqui.basic.Enumeration enumId="ACHRC_R11" description="Check Truncation Entry Return" enumCode="R11" enumTypeId="ACHReturnCode"/>
    <moqui.basic.Enumeration enumId="ACHRC_R12" description="Account Sold to Another DFI" enumCode="R12" enumTypeId="ACHReturnCode"/>
    <moqui.basic.Enumeration enumId="ACHRC_R13" description="Invalid ACH Routing Number" enumCode="R13" enumTypeId="ACHReturnCode"/>
    <moqui.basic.Enumeration enumId="ACHRC_R14" description="Representative Payee Deceased or Unable to Continue in That Capacity" enumCode="R14" enumTypeId="ACHReturnCode"/>
    <moqui.basic.Enumeration enumId="ACHRC_R15" description="Beneficiary or Account Holder Deceased" enumCode="R15" enumTypeId="ACHReturnCode"/>
    <moqui.basic.Enumeration enumId="ACHRC_R16" description="Account Frozen" enumCode="R16" enumTypeId="ACHReturnCode"/>
    <moqui.basic.Enumeration enumId="ACHRC_R17" description="File Record Edit Criteria" enumCode="R17" enumTypeId="ACHReturnCode"/>
    <moqui.basic.Enumeration enumId="ACHRC_R18" description="Improper Effective Entry Date" enumCode="R18" enumTypeId="ACHReturnCode"/>
    <moqui.basic.Enumeration enumId="ACHRC_R19" description="Amount Field Error" enumCode="R19" enumTypeId="ACHReturnCode"/>
    <moqui.basic.Enumeration enumId="ACHRC_R20" description="Non-Transaction Account" enumCode="R20" enumTypeId="ACHReturnCode"/>
    <moqui.basic.Enumeration enumId="ACHRC_R21" description="Invalid Company Identification" enumCode="R21" enumTypeId="ACHReturnCode"/>
    <moqui.basic.Enumeration enumId="ACHRC_R22" description="Invalid Individual ID Number" enumCode="R22" enumTypeId="ACHReturnCode"/>
    <moqui.basic.Enumeration enumId="ACHRC_R23" description="Credit Entry Refused by Receiver" enumCode="R23" enumTypeId="ACHReturnCode"/>
    <moqui.basic.Enumeration enumId="ACHRC_R24" description="Duplicate Entry" enumCode="R24" enumTypeId="ACHReturnCode"/>
    <moqui.basic.Enumeration enumId="ACHRC_R25" description="Addenda Error" enumCode="R25" enumTypeId="ACHReturnCode"/>
    <moqui.basic.Enumeration enumId="ACHRC_R26" description="Mandatory Field Error" enumCode="R26" enumTypeId="ACHReturnCode"/>
    <moqui.basic.Enumeration enumId="ACHRC_R27" description="Trace Number Error" enumCode="R27" enumTypeId="ACHReturnCode"/>
    <moqui.basic.Enumeration enumId="ACHRC_R28" description="Routing Number Check Digit Error" enumCode="R28" enumTypeId="ACHReturnCode"/>
    <moqui.basic.Enumeration enumId="ACHRC_R29" description="Corporate Customer Advises Not Authorized" enumCode="R29" enumTypeId="ACHReturnCode"/>
    <moqui.basic.Enumeration enumId="ACHRC_R30" description="RDFI Not Participant in Check Truncation Program" enumCode="R30" enumTypeId="ACHReturnCode"/>
    <moqui.basic.Enumeration enumId="ACHRC_R31" description="Permissible Return Entry" enumCode="R31" enumTypeId="ACHReturnCode"/>
    <moqui.basic.Enumeration enumId="ACHRC_R32" description="RDFI Non-Settlement" enumCode="R32" enumTypeId="ACHReturnCode"/>
    <moqui.basic.Enumeration enumId="ACHRC_R33" description="Return of XCK Entry" enumCode="R33" enumTypeId="ACHReturnCode"/>
    <moqui.basic.Enumeration enumId="ACHRC_R34" description="Limited Participation DFI" enumCode="R34" enumTypeId="ACHReturnCode"/>
    <moqui.basic.Enumeration enumId="ACHRC_R35" description="Return of Improper Debit Entry" enumCode="R35" enumTypeId="ACHReturnCode"/>
    <moqui.basic.Enumeration enumId="ACHRC_R36" description="Return of Improper Credit Entry" enumCode="R36" enumTypeId="ACHReturnCode"/>
    <moqui.basic.Enumeration enumId="ACHRC_R37" description="Source Document Presented for Payment" enumCode="R37" enumTypeId="ACHReturnCode"/>
    <moqui.basic.Enumeration enumId="ACHRC_R38" description="Stop Payment on Source Document" enumCode="R38" enumTypeId="ACHReturnCode"/>
    <moqui.basic.Enumeration enumId="ACHRC_R39" description="Improper Source Document/Source Document Presented for Payment" enumCode="R39" enumTypeId="ACHReturnCode"/>
    <moqui.basic.Enumeration enumId="ACHRC_R40" description="Return of ENR Entry by Federal Government Agency" enumCode="R40" enumTypeId="ACHReturnCode"/>
    <moqui.basic.Enumeration enumId="ACHRC_R41" description="Invalid Transaction Code" enumCode="R41" enumTypeId="ACHReturnCode"/>
    <moqui.basic.Enumeration enumId="ACHRC_R42" description="Routing Number/Check Digit Error" enumCode="R42" enumTypeId="ACHReturnCode"/>
    <moqui.basic.Enumeration enumId="ACHRC_R43" description="Invalid DFI Account Number" enumCode="R43" enumTypeId="ACHReturnCode"/>
    <moqui.basic.Enumeration enumId="ACHRC_R44" description="Invalid Individual ID Number" enumCode="R44" enumTypeId="ACHReturnCode"/>
    <moqui.basic.Enumeration enumId="ACHRC_R45" description="Invalid Individual Name/Company Name" enumCode="R45" enumTypeId="ACHReturnCode"/>
    <moqui.basic.Enumeration enumId="ACHRC_R46" description="Invalid Representative Payee Indicator" enumCode="R46" enumTypeId="ACHReturnCode"/>
    <moqui.basic.Enumeration enumId="ACHRC_R47" description="Duplicate Enrollment" enumCode="R47" enumTypeId="ACHReturnCode"/>
    <moqui.basic.Enumeration enumId="ACHRC_R50" description="State Law Affecting RCK Acceptance" enumCode="R50" enumTypeId="ACHReturnCode"/>
    <moqui.basic.Enumeration enumId="ACHRC_R51" description="Item related to RCK Entry is Ineligible or RCK Entry is Improper" enumCode="R51" enumTypeId="ACHReturnCode"/>
    <moqui.basic.Enumeration enumId="ACHRC_R52" description="Stop Payment on Item Related to RCK Entry" enumCode="R52" enumTypeId="ACHReturnCode"/>
    <moqui.basic.Enumeration enumId="ACHRC_R53" description="Item and RCK Entry Presented for Payment" enumCode="R53" enumTypeId="ACHReturnCode"/>
    <moqui.basic.Enumeration enumId="ACHRC_R61" description="Misrouted Return" enumCode="R61" enumTypeId="ACHReturnCode"/>
    <moqui.basic.Enumeration enumId="ACHRC_R67" description="Duplicate Return" enumCode="R67" enumTypeId="ACHReturnCode"/>
    <moqui.basic.Enumeration enumId="ACHRC_R68" description="Untimely Return" enumCode="R68" enumTypeId="ACHReturnCode"/>
    <moqui.basic.Enumeration enumId="ACHRC_R69" description="Field Error(s)" enumCode="R69" enumTypeId="ACHReturnCode"/>
    <moqui.basic.Enumeration enumId="ACHRC_R70" description="Permissible Return Entry Not Accepted/Return Not Requested by ODFI" enumCode="R70" enumTypeId="ACHReturnCode"/>
    <moqui.basic.Enumeration enumId="ACHRC_R71" description="Misrouted Dishonored Return" enumCode="R71" enumTypeId="ACHReturnCode"/>
    <moqui.basic.Enumeration enumId="ACHRC_R72" description="Untimely Dishonored Return" enumCode="R72" enumTypeId="ACHReturnCode"/>
    <moqui.basic.Enumeration enumId="ACHRC_R73" description="Timely Original Return" enumCode="R73" enumTypeId="ACHReturnCode"/>
    <moqui.basic.Enumeration enumId="ACHRC_R74" description="Corrected Return" enumCode="R74" enumTypeId="ACHReturnCode"/>
    <moqui.basic.Enumeration enumId="ACHRC_R75" description="Return Not a Duplicate" enumCode="R75" enumTypeId="ACHReturnCode"/>
    <moqui.basic.Enumeration enumId="ACHRC_R76" description="No Errors Found" enumCode="R76" enumTypeId="ACHReturnCode"/>
    <moqui.basic.Enumeration enumId="ACHRC_R80" description="IAT Entry Coding Error" enumCode="R80" enumTypeId="ACHReturnCode"/>
    <moqui.basic.Enumeration enumId="ACHRC_R81" description="Non-Participant in IAT Program" enumCode="R81" enumTypeId="ACHReturnCode"/>
    <moqui.basic.Enumeration enumId="ACHRC_R82" description="Invalid Foreign Receiving DFI Identification" enumCode="R82" enumTypeId="ACHReturnCode"/>
    <moqui.basic.Enumeration enumId="ACHRC_R83" description="Foreign Receiving DFI Unable to Settle" enumCode="R83" enumTypeId="ACHReturnCode"/>
    <moqui.basic.Enumeration enumId="ACHRC_R84" description="Entry Not Processed by Gateway" enumCode="R84" enumTypeId="ACHReturnCode"/>
    <moqui.basic.Enumeration enumId="ACHRC_R85" description="Incorrectly Coded Outbound International Payment" enumCode="R85" enumTypeId="ACHReturnCode"/>

    <moqui.basic.EnumerationType description="ACH Change Code" enumTypeId="ACHChangeCode"/>
    <moqui.basic.Enumeration enumId="ACHRC_C01" description="Incorrect DFI Account Number" enumCode="C01" enumTypeId="ACHChangeCode"/>
    <moqui.basic.Enumeration enumId="ACHRC_C02" description="Incorrect Routing Number" enumCode="C02" enumTypeId="ACHChangeCode"/>
    <moqui.basic.Enumeration enumId="ACHRC_C03" description="Incorrect Routing Number and Incorrect DFI Account Number" enumCode="C03" enumTypeId="ACHChangeCode"/>
    <moqui.basic.Enumeration enumId="ACHRC_C04" description="Incorrect Individual Name/Receiving Company Name" enumCode="C04" enumTypeId="ACHChangeCode"/>
    <moqui.basic.Enumeration enumId="ACHRC_C05" description="Savings/Checking Selection is Wrong" enumCode="C05" enumTypeId="ACHChangeCode"/>
    <moqui.basic.Enumeration enumId="ACHRC_C06" description="Incorrect DFI Account Number and Incorrect Transaction Code" enumCode="C06" enumTypeId="ACHChangeCode"/>
    <moqui.basic.Enumeration enumId="ACHRC_C07" description="Incorrect Routing Number, Incorrect DFI Account Number, and Incorrect Transaction Code" enumCode="C07" enumTypeId="ACHChangeCode"/>
    <moqui.basic.Enumeration enumId="ACHRC_C08" description="Incorrect Receiving DFI Identification" enumCode="C08" enumTypeId="ACHChangeCode"/>
    <moqui.basic.Enumeration enumId="ACHRC_C09" description="Incorrect Individual Identification Number" enumCode="C09" enumTypeId="ACHChangeCode"/>
    <moqui.basic.Enumeration enumId="ACHRC_C13" description="Addenda Format Error" enumCode="C13" enumTypeId="ACHChangeCode"/>
    <moqui.basic.Enumeration enumId="ACHRC_C14" description="Incorrect SEC Code for Outbound International Payment" enumCode="C14" enumTypeId="ACHChangeCode"/>
    <moqui.basic.Enumeration enumId="ACHRC_C61" description="Misrouted Notification of Change" enumCode="C61" enumTypeId="ACHChangeCode"/>
    <moqui.basic.Enumeration enumId="ACHRC_C62" description="Incorrect Trace Number" enumCode="C62" enumTypeId="ACHChangeCode"/>
    <moqui.basic.Enumeration enumId="ACHRC_C63" description="Incorrect Company Identification Number" enumCode="C63" enumTypeId="ACHChangeCode"/>
    <moqui.basic.Enumeration enumId="ACHRC_C64" description="Incorrect Individual Identification Number/Identification Number" enumCode="C64" enumTypeId="ACHChangeCode"/>
    <moqui.basic.Enumeration enumId="ACHRC_C65" description="Incorrectly Formatted Corrected Data" enumCode="C65" enumTypeId="ACHChangeCode"/>
    <moqui.basic.Enumeration enumId="ACHRC_C66" description="Incorrect Discretionary Data" enumCode="C66" enumTypeId="ACHChangeCode"/>
    <moqui.basic.Enumeration enumId="ACHRC_C67" description="Routing Number Not From Original Entry Detail Record" enumCode="C67" enumTypeId="ACHChangeCode"/>
    <moqui.basic.Enumeration enumId="ACHRC_C68" description="DFI Account Number Not From Original Entry Detail Record" enumCode="C68" enumTypeId="ACHChangeCode"/>
    <moqui.basic.Enumeration enumId="ACHRC_C69" description="Incorrect Transaction Code" enumCode="C69" enumTypeId="ACHChangeCode"/>

</entity-facade-xml>