<?xml version="1.0" encoding="UTF-8"?>
<!--
This software is in the public domain under CC0 1.0 Universal plus a 
Grant of Patent License.

To the extent possible under law, the author(s) have dedicated all
copyright and related and neighboring rights to this software to the
public domain worldwide. This software is distributed without any
warranty.

You should have received a copy of the CC0 Public Domain Dedication
along with this software (see the LICENSE.md file). If not, see
<http://creativecommons.org/publicdomain/zero/1.0/>.
-->
<entity-facade-xml type="install">
    <!-- see http://en.wikipedia.org/wiki/ISO_3166-2:CA -->
    <Geo geoCodeAlpha2="AB" geoId="CAN_AB" geoName="Alberta" geoTypeEnumId="GEOT_PROVINCE"/>
    <Geo geoCodeAlpha2="BC" geoId="CAN_BC" geoName="British Columbia" geoTypeEnumId="GEOT_PROVINCE"/>
    <Geo geoCodeAlpha2="MB" geoId="CAN_MB" geoName="Manitoba" geoTypeEnumId="GEOT_PROVINCE"/>
    <Geo geoCodeAlpha2="NB" geoId="CAN_NB" geoName="New Brunswick" geoTypeEnumId="GEOT_PROVINCE"/>
    <Geo geoCodeAlpha2="NL" geoId="CAN_NL" geoName="Newfoundland and Labrador" geoTypeEnumId="GEOT_PROVINCE"/>
    <Geo geoCodeAlpha2="NS" geoId="CAN_NS" geoName="Nova Scotia" geoTypeEnumId="GEOT_PROVINCE"/>
    <Geo geoCodeAlpha2="NT" geoId="CAN_NT" geoName="Northwest Territories" geoTypeEnumId="GEOT_PROVINCE"/>
    <Geo geoCodeAlpha2="NU" geoId="CAN_NU" geoName="Nunavut" geoTypeEnumId="GEOT_PROVINCE"/>
    <Geo geoCodeAlpha2="ON" geoId="CAN_ON" geoName="Ontario" geoTypeEnumId="GEOT_PROVINCE"/>
    <Geo geoCodeAlpha2="PE" geoId="CAN_PE" geoName="Prince Edward Island" geoTypeEnumId="GEOT_PROVINCE"/>
    <Geo geoCodeAlpha2="QC" geoId="CAN_QC" geoName="Quebec" geoTypeEnumId="GEOT_PROVINCE"/>
    <Geo geoCodeAlpha2="SK" geoId="CAN_SK" geoName="Saskatchewan" geoTypeEnumId="GEOT_PROVINCE"/>
    <Geo geoCodeAlpha2="YT" geoId="CAN_YT" geoName="Yukon" geoTypeEnumId="GEOT_PROVINCE"/>

    <GeoAssoc geoId="CAN" toGeoId="CAN_AB" geoAssocTypeEnumId="GAT_REGIONS"/>
    <GeoAssoc geoId="CAN" toGeoId="CAN_BC" geoAssocTypeEnumId="GAT_REGIONS"/>
    <GeoAssoc geoId="CAN" toGeoId="CAN_MB" geoAssocTypeEnumId="GAT_REGIONS"/>
    <GeoAssoc geoId="CAN" toGeoId="CAN_NB" geoAssocTypeEnumId="GAT_REGIONS"/>
    <GeoAssoc geoId="CAN" toGeoId="CAN_NL" geoAssocTypeEnumId="GAT_REGIONS"/>
    <GeoAssoc geoId="CAN" toGeoId="CAN_NS" geoAssocTypeEnumId="GAT_REGIONS"/>
    <GeoAssoc geoId="CAN" toGeoId="CAN_NT" geoAssocTypeEnumId="GAT_REGIONS"/>
    <GeoAssoc geoId="CAN" toGeoId="CAN_NU" geoAssocTypeEnumId="GAT_REGIONS"/>
    <GeoAssoc geoId="CAN" toGeoId="CAN_ON" geoAssocTypeEnumId="GAT_REGIONS"/>
    <GeoAssoc geoId="CAN" toGeoId="CAN_PE" geoAssocTypeEnumId="GAT_REGIONS"/>
    <GeoAssoc geoId="CAN" toGeoId="CAN_QC" geoAssocTypeEnumId="GAT_REGIONS"/>
    <GeoAssoc geoId="CAN" toGeoId="CAN_SK" geoAssocTypeEnumId="GAT_REGIONS"/>
    <GeoAssoc geoId="CAN" toGeoId="CAN_YT" geoAssocTypeEnumId="GAT_REGIONS"/>
</entity-facade-xml>
