<?xml version="1.0" encoding="UTF-8"?>
<!--
This software is in the public domain under CC0 1.0 Universal plus a
Grant of Patent License.

To the extent possible under law, the author(s) have dedicated all
copyright and related and neighboring rights to this software to the
public domain worldwide. This software is distributed without any
warranty.

You should have received a copy of the CC0 Public Domain Dedication
along with this software (see the LICENSE.md file). If not, see
<http://creativecommons.org/publicdomain/zero/1.0/>.
-->
<entity-facade-xml type="install">
    <!-- see https://www.iso.org/obp/ui/#iso:code:3166:IN -->
    <Geo geoId="IND_AN" geoCodeAlpha2="AN" geoName="Andaman and Nicobar Islands" geoTypeEnumId="GEOT_TERRITORY"/>
    <Geo geoId="IND_AP" geoCodeAlpha2="AP" geoName="Andhra Pradesh" geoTypeEnumId="GEOT_STATE"/>
    <Geo geoId="IND_AR" geoCodeAlpha2="AR" geoName="Arunāchal Pradesh" geoTypeEnumId="GEOT_STATE"/>
    <Geo geoId="IND_AS" geoCodeAlpha2="AS" geoName="Assam" geoTypeEnumId="GEOT_STATE"/>
    <Geo geoId="IND_BR" geoCodeAlpha2="BR" geoName="Bihār" geoTypeEnumId="GEOT_STATE"/>
    <Geo geoId="IND_CH" geoCodeAlpha2="CH" geoName="Chandigarh" geoTypeEnumId="GEOT_TERRITORY"/>
    <Geo geoId="IND_CT" geoCodeAlpha2="CG" geoName="Chhattīsgarh" geoTypeEnumId="GEOT_STATE"/>
    <Geo geoId="IND_DH" geoCodeAlpha2="DH" geoName="Dādra and Nagar Haveli and Damān and Diu" geoTypeEnumId="GEOT_TERRITORY"/>
    <Geo geoId="IND_DL" geoCodeAlpha2="DL" geoName="Delhi" geoTypeEnumId="GEOT_TERRITORY"/>
    <Geo geoId="IND_GA" geoCodeAlpha2="GA" geoName="Goa" geoTypeEnumId="GEOT_STATE"/>
    <Geo geoId="IND_GJ" geoCodeAlpha2="GJ" geoName="Gujarāt" geoTypeEnumId="GEOT_STATE"/>
    <Geo geoId="IND_HR" geoCodeAlpha2="HR" geoName="Haryāna" geoTypeEnumId="GEOT_STATE"/>
    <Geo geoId="IND_HP" geoCodeAlpha2="HP" geoName="Himāchal Pradesh" geoTypeEnumId="GEOT_STATE"/>
    <Geo geoId="IND_JK" geoCodeAlpha2="JK" geoName="Jammu and Kashmīr" geoTypeEnumId="GEOT_TERRITORY"/>
    <Geo geoId="IND_JH" geoCodeAlpha2="JH" geoName="Jhārkhand" geoTypeEnumId="GEOT_STATE"/>
    <Geo geoId="IND_KA" geoCodeAlpha2="KA" geoName="Karnātaka" geoTypeEnumId="GEOT_STATE"/>
    <Geo geoId="IND_KL" geoCodeAlpha2="KL" geoName="Kerala" geoTypeEnumId="GEOT_STATE"/>
    <Geo geoId="IND-LA" geoCodeAlpha2="LA" geoName="Ladākh" geoTypeEnumId="GEOT_TERRITORY"/>
    <Geo geoId="IND_LD" geoCodeAlpha2="LD" geoName="Lakshadweep" geoTypeEnumId="GEOT_TERRITORY"/>
    <Geo geoId="IND_MP" geoCodeAlpha2="MP" geoName="Madhya Pradesh" geoTypeEnumId="GEOT_STATE"/>
    <Geo geoId="IND_MH" geoCodeAlpha2="MH" geoName="Mahārāshtra" geoTypeEnumId="GEOT_STATE"/>
    <Geo geoId="IND_MN" geoCodeAlpha2="MN" geoName="Manipur" geoTypeEnumId="GEOT_STATE"/>
    <Geo geoId="IND_ML" geoCodeAlpha2="ML" geoName="Meghālaya" geoTypeEnumId="GEOT_STATE"/>
    <Geo geoId="IND_MZ" geoCodeAlpha2="MZ" geoName="Mizoram" geoTypeEnumId="GEOT_STATE"/>
    <Geo geoId="IND_NL" geoCodeAlpha2="NL" geoName="Nāgāland" geoTypeEnumId="GEOT_STATE"/>
    <Geo geoId="IND_OR" geoCodeAlpha2="OD" geoName="Odisha" geoTypeEnumId="GEOT_STATE"/>
    <Geo geoId="IND_PY" geoCodeAlpha2="PY" geoName="Puducherry" geoNameLocal="Pondicherry" geoTypeEnumId="GEOT_TERRITORY"/>
    <Geo geoId="IND_PB" geoCodeAlpha2="PB" geoName="Punjab" geoTypeEnumId="GEOT_STATE"/>
    <Geo geoId="IND_RJ" geoCodeAlpha2="RJ" geoName="Rājasthān" geoTypeEnumId="GEOT_STATE"/>
    <Geo geoId="IND_SK" geoCodeAlpha2="SK" geoName="Sikkim" geoTypeEnumId="GEOT_STATE"/>
    <Geo geoId="IND_TN" geoCodeAlpha2="TN" geoName="Tamil Nādu" geoTypeEnumId="GEOT_STATE"/>
    <Geo geoId="IND_TG" geoCodeAlpha2="TS" geoName="Telangāna" geoTypeEnumId="GEOT_STATE"/>
    <Geo geoId="IND_TR" geoCodeAlpha2="TR" geoName="Tripura" geoTypeEnumId="GEOT_STATE"/>
    <Geo geoId="IND_UP" geoCodeAlpha2="UP" geoName="Uttar Pradesh" geoTypeEnumId="GEOT_STATE"/>
    <Geo geoId="IND_UT" geoCodeAlpha2="UK" geoName="Uttarākhand" geoTypeEnumId="GEOT_STATE"/>
    <Geo geoId="IND_WB" geoCodeAlpha2="WB" geoName="West Bengal" geoTypeEnumId="GEOT_STATE"/>

    <GeoAssoc geoId="IND" toGeoId="IND_AN" geoAssocTypeEnumId="GAT_REGIONS"/>
    <GeoAssoc geoId="IND" toGeoId="IND_AP" geoAssocTypeEnumId="GAT_REGIONS"/>
    <GeoAssoc geoId="IND" toGeoId="IND_AR" geoAssocTypeEnumId="GAT_REGIONS"/>
    <GeoAssoc geoId="IND" toGeoId="IND_AS" geoAssocTypeEnumId="GAT_REGIONS"/>
    <GeoAssoc geoId="IND" toGeoId="IND_BR" geoAssocTypeEnumId="GAT_REGIONS"/>
    <GeoAssoc geoId="IND" toGeoId="IND_CH" geoAssocTypeEnumId="GAT_REGIONS"/>
    <GeoAssoc geoId="IND" toGeoId="IND_CT" geoAssocTypeEnumId="GAT_REGIONS"/>
    <GeoAssoc geoId="IND" toGeoId="IND_DH" geoAssocTypeEnumId="GAT_REGIONS"/>
    <GeoAssoc geoId="IND" toGeoId="IND_DL" geoAssocTypeEnumId="GAT_REGIONS"/>
    <GeoAssoc geoId="IND" toGeoId="IND_GA" geoAssocTypeEnumId="GAT_REGIONS"/>
    <GeoAssoc geoId="IND" toGeoId="IND_GJ" geoAssocTypeEnumId="GAT_REGIONS"/>
    <GeoAssoc geoId="IND" toGeoId="IND_HR" geoAssocTypeEnumId="GAT_REGIONS"/>
    <GeoAssoc geoId="IND" toGeoId="IND_HP" geoAssocTypeEnumId="GAT_REGIONS"/>
    <GeoAssoc geoId="IND" toGeoId="IND_JK" geoAssocTypeEnumId="GAT_REGIONS"/>
    <GeoAssoc geoId="IND" toGeoId="IND_JH" geoAssocTypeEnumId="GAT_REGIONS"/>
    <GeoAssoc geoId="IND" toGeoId="IND_KA" geoAssocTypeEnumId="GAT_REGIONS"/>
    <GeoAssoc geoId="IND" toGeoId="IND_KL" geoAssocTypeEnumId="GAT_REGIONS"/>
    <GeoAssoc geoId="IND" toGeoId="IND-LA" geoAssocTypeEnumId="GAT_REGIONS"/>
    <GeoAssoc geoId="IND" toGeoId="IND_LD" geoAssocTypeEnumId="GAT_REGIONS"/>
    <GeoAssoc geoId="IND" toGeoId="IND_MP" geoAssocTypeEnumId="GAT_REGIONS"/>
    <GeoAssoc geoId="IND" toGeoId="IND_MH" geoAssocTypeEnumId="GAT_REGIONS"/>
    <GeoAssoc geoId="IND" toGeoId="IND_MN" geoAssocTypeEnumId="GAT_REGIONS"/>
    <GeoAssoc geoId="IND" toGeoId="IND_ML" geoAssocTypeEnumId="GAT_REGIONS"/>
    <GeoAssoc geoId="IND" toGeoId="IND_MZ" geoAssocTypeEnumId="GAT_REGIONS"/>
    <GeoAssoc geoId="IND" toGeoId="IND_NL" geoAssocTypeEnumId="GAT_REGIONS"/>
    <GeoAssoc geoId="IND" toGeoId="IND_OR" geoAssocTypeEnumId="GAT_REGIONS"/>
    <GeoAssoc geoId="IND" toGeoId="IND_PY" geoAssocTypeEnumId="GAT_REGIONS"/>
    <GeoAssoc geoId="IND" toGeoId="IND_PB" geoAssocTypeEnumId="GAT_REGIONS"/>
    <GeoAssoc geoId="IND" toGeoId="IND_RJ" geoAssocTypeEnumId="GAT_REGIONS"/>
    <GeoAssoc geoId="IND" toGeoId="IND_SK" geoAssocTypeEnumId="GAT_REGIONS"/>
    <GeoAssoc geoId="IND" toGeoId="IND_TN" geoAssocTypeEnumId="GAT_REGIONS"/>
    <GeoAssoc geoId="IND" toGeoId="IND_TG" geoAssocTypeEnumId="GAT_REGIONS"/>
    <GeoAssoc geoId="IND" toGeoId="IND_TR" geoAssocTypeEnumId="GAT_REGIONS"/>
    <GeoAssoc geoId="IND" toGeoId="IND_UP" geoAssocTypeEnumId="GAT_REGIONS"/>
    <GeoAssoc geoId="IND" toGeoId="IND_UT" geoAssocTypeEnumId="GAT_REGIONS"/>
    <GeoAssoc geoId="IND" toGeoId="IND_WB" geoAssocTypeEnumId="GAT_REGIONS"/>
</entity-facade-xml>
