<?xml version="1.0" encoding="UTF-8"?>
<!--
This software is in the public domain under CC0 1.0 Universal plus a 
Grant of Patent License.

To the extent possible under law, the author(s) have dedicated all
copyright and related and neighboring rights to this software to the
public domain worldwide. This software is distributed without any
warranty.

You should have received a copy of the CC0 Public Domain Dedication
along with this software (see the LICENSE.md file). If not, see
<http://creativecommons.org/publicdomain/zero/1.0/>.
-->
<entity-facade-xml type="seed-initial">
    <!-- Special Permissions - NOTE: other such permissions that the data model seed data does not rely on are in MantleSetupData.xml in mantle-usl -->
    <userPermissions userPermissionId="INVOICE_APPROVE" description="Invoice Approve"/>
    <userGroupPermissions userGroupId="ADMIN" userPermissionId="INVOICE_APPROVE" fromDate="0"/>

    <!-- User/Group Preferences -->
    <moqui.basic.Enumeration enumId="ValidateAddressGatewayConfigId" description="Address Validate Gateway Config ID" enumTypeId="UserPreferenceKey"/>
    <moqui.basic.Enumeration enumId="DefaultShipmentGatewayConfigId" description="Shipment Default Gateway Config ID" enumTypeId="UserPreferenceKey"/>

    <moqui.basic.Enumeration enumId="GlAccountCodeMask" description="GL Account Code Mask (like ###-###)" enumTypeId="UserPreferenceKey"/>
    <moqui.basic.Enumeration enumId="mantle.content.root" description="Mantle Content Root Loc" enumTypeId="UserPreferenceKey"/>
    <moqui.basic.Enumeration enumId="mantle.content.large.root" description="Mantle Content Large Root Loc - binary, etc files" enumTypeId="UserPreferenceKey"/>

    <!-- Message templates for formatting common sets of entity fields (generally for a view-entity) -->
    <!-- NOTE: Other common message templates in CommonL10nData -->
    <moqui.basic.LocalizedMessage locale="default" original="AssetNameTemplate" localized="${assetName ? assetId + ': ' + assetName : assetId}"/>
    <moqui.basic.LocalizedMessage locale="default" original="ContainerNameTemplate"
            localized="${serialNumber ?: containerId}${description ? ': ' + description : ''}"/>
    <moqui.basic.LocalizedMessage locale="default" original="LotNameTemplate"
            localized="${lotId}: ${pseudoId?:mfgParty?.pseudoId?:''} ${lotNumber?:'No Lot #'} Mfg ${ec.l10n.format(manufacturedDate, 'yyyy-MM-dd')?:'N/A'} Exp ${ec.l10n.format(expirationDate, 'yyyy-MM-dd')}"/>
    <moqui.basic.LocalizedMessage locale="default" original="FacilityNameTemplate"
            localized="${pseudoId}: ${facilityName?:name?:''}"/> <!-- name is used in data documents -->
    <moqui.basic.LocalizedMessage locale="default" original="FacilityLocationNameTemplate"
            localized="${locationSeqId?:''} ${description?:''} [${areaId?:' '}:${aisleId?:' '}:${sectionId?:' '}:${levelId?:' '}:${positionId?:' '}] ${type?.description?:(locationTypeEnumId?locationTypeEnumId.substring(3):null)?:''}"/>

    <moqui.basic.LocalizedMessage locale="default" original="FinancialAccountNameTemplate"
            localized="${finAccountCode ?: finAccountId}: ${finAccountName} (${ec.l10n.format(availableBalance ?: 0.0, '#,##0.00')})"/>
    <moqui.basic.LocalizedMessage locale="default" original="GlAccountNameTemplate"
            localized="${accountCodeFormatter != null ? accountCodeFormatter.valueToString(accountCode) : accountCode}: ${accountName}"/>
    <moqui.basic.LocalizedMessage locale="default" original="PayrollInvoicePayDescription"
                                  localized="${emplPosition.description} ${ec.l10n.format(timePeriod.fromDate, 'dd MMM yyyy')} - ${ec.l10n.format(timePeriod.thruDate, 'dd MMM yyyy')}"/>

    <moqui.basic.LocalizedMessage locale="default" original="OrderNameTemplate" localized="${orderId}"/>
    <moqui.basic.LocalizedMessage locale="default" original="OrderPartNameTemplate" localized="${orderId}${orderPartSeqId?':'+orderPartSeqId:''}"/>
    <moqui.basic.LocalizedMessage locale="default" original="OrderItemNameTemplate"
            localized="${orderId}${orderPartSeqId ? ':' + orderPartSeqId : ''}:${orderItemSeqId}"/>

    <moqui.basic.LocalizedMessage locale="default" original="PartyFullNameTemplate"
            localized="${organizationName?:''}${firstName?:''}${middleName ? ' ' + middleName : ''}${lastName ? ' ' + lastName : ''}"/>
    <moqui.basic.LocalizedMessage locale="default" original="PartyNameOnlyTemplate"
            localized="${organizationName?:''}${firstName?:''}${lastName ? ' ' + lastName : ''}"/>
    <moqui.basic.LocalizedMessage locale="default" original="PartyNameTemplate"
            localized="${pseudoId}: ${organizationName?:''}${firstName?:''}${lastName ? ' ' + lastName : ''}"/>
    <moqui.basic.LocalizedMessage locale="default" original="PaymentMethodAndTypeTemplate"
            localized="${typeDescription} - ${description?:''}"/>
    <moqui.basic.LocalizedMessage locale="default" original="PaymentMethodDetailTemplate"
            localized="${typeDescription} - ${description?:''}${gatewayDescription ? ' - ' + gatewayDescription : ''}"/>
    <moqui.basic.LocalizedMessage locale="default" original="PostalAddressSimpleTemplate"
            localized="${address1}${unitNumber ? ' #' + unitNumber : ''}, ${city}, ${stateGeoCodeAlpha2}"/>
    <moqui.basic.LocalizedMessage locale="default" original="PostalAddressInfoTemplate"
            localized="${postalAddress.toName ? postalAddress.toName + ' - ' : ''}${postalAddress.attnName ? postalAddress.attnName + ' - ' : ''}${postalAddress.address1?:''}${postalAddress.unitNumber ? ' #' + postalAddress.unitNumber : ''}, ${postalAddress.address2 ? postalAddress.address2 + ', ' : ''}${postalAddress.city?:''}${postalAddressStateGeo?.geoCodeAlpha2 ? ', ' + postalAddressStateGeo.geoCodeAlpha2 : (postalAddressStateGeo?.geoName ? ', ' + postalAddressStateGeo.geoName : '')} ${postalAddress.postalCode?:''}${postalAddress.postalCodeExt ? '-' + postalAddress.postalCodeExt : ''} ${postalAddressCountryGeo?.geoCodeAlpha3?:''} ${telecomNumber?.countryCode ? telecomNumber.countryCode + '-' : ''}${telecomNumber?.areaCode ? telecomNumber.areaCode + '-' : ''}${telecomNumber?.contactNumber?:''} - ${postalTrustLevelEnum?.description ?: 'New'}"/>
    <moqui.basic.LocalizedMessage locale="default" original="TelecomNumberSimpleTemplate"
            localized="${countryCode ? countryCode + '-' : ''}${areaCode ? areaCode + '-' : ''}${contactNumber}"/>

    <moqui.basic.LocalizedMessage locale="default" original="ProductAmountNameTemplate"
            localized="${(amountFixed&amp;&amp;amountFixed!=1?(ec.l10n.format(amountFixed,'')+' '):'')+(uomDescription?:description?:'')}"/>
    <moqui.basic.LocalizedMessage locale="default" original="ProductCategoryNameTemplate"
            localized="${pseudoId}: ${categoryName?:''}"/>
    <moqui.basic.LocalizedMessage locale="default" original="ProductFeatureGroupNameTemplate"
            localized="${description}: ${productFeatureGroupId?:''}"/>
    <moqui.basic.LocalizedMessage locale="default" original="ProductFeatureNameTemplate"
            localized="${abbrev?:productFeatureId}: ${description}"/>
    <moqui.basic.LocalizedMessage locale="default" original="ProductFeatureAndTypeTemplate"
            localized="${typeDescription} - ${abbrev?:productFeatureId}: ${description}"/>
    <moqui.basic.LocalizedMessage locale="default" original="ProductNameTemplate"
            localized="${pseudoId?:productId}: ${productName?:name?:''}"/> <!-- name is used in data documents -->

    <moqui.basic.LocalizedMessage locale="default" original="RequestNameTemplate" localized="${requestId}: ${requestName?:''}"/>
    <moqui.basic.LocalizedMessage locale="default" original="TimePeriodNameTemplate" localized="${timePeriodId}: ${periodName}"/>
    <moqui.basic.LocalizedMessage locale="default" original="WorkEffortNameTemplate" localized="${workEffortId}: ${workEffortName?:''}"/>

    <!-- available: partyDetail, timePeriodType, fromLocalDate, thruLocalDate, TimePeriod fields (periodNum, fromDate, thruDate, etc) -->
    <moqui.basic.LocalizedMessage locale="default" original="TimePeriodBaseNameTemplate"
            localized="${partyDetail.pseudoId} ${timePeriodType.periodPurposeEnumId[0]}Y${fromLocalDate.getYear()}${timePeriodType?.lengthUomId!='TF_yr'?(timePeriodType.description.split('(?=[A-Z])')[1][0].toLowerCase())+(periodNum as String).padLeft(2,'0'):''}"/>
    <!-- <moqui.basic.LocalizedMessage locale="default" original="TimePeriodBaseNameTemplate"
            localized="${partyDetail.pseudoId} ${timePeriodType.description.split('(?=[A-Z])').collect({it?it[0]:''}).join('')}${fromLocalDate.getYear()}${timePeriodType?.lengthUomId!='TF_yr'?'-'+((periodNum as String).padLeft(2,'0')):''}"/> -->
</entity-facade-xml>
