<?xml version="1.0" encoding="UTF-8"?>
<!--
This software is in the public domain under CC0 1.0 Universal plus a 
Grant of Patent License.

To the extent possible under law, the author(s) have dedicated all
copyright and related and neighboring rights to this software to the
public domain worldwide. This software is distributed without any
warranty.

You should have received a copy of the CC0 Public Domain Dedication
along with this software (see the LICENSE.md file). If not, see
<http://creativecommons.org/publicdomain/zero/1.0/>.
-->
<entity-facade-xml type="seed">

    <moqui.basic.EnumerationType description="Payroll Calc Period" enumTypeId="PayrollCalcPer"/>
    <moqui.basic.Enumeration description="Pay Period" enumId="PcfPayPeriod" enumTypeId="PayrollCalcPer"/>
    <moqui.basic.Enumeration description="Workweek" enumId="PcfWorkweek" enumTypeId="PayrollCalcPer"/>

    <moqui.basic.EnumerationType description="Payroll Wage Grouping" enumTypeId="PayrollWageGrp"/>
    <!-- All time entries are considered together for the calculation period. -->
    <moqui.basic.Enumeration description="All" enumId="PwgAll" sequenceNum="1" enumTypeId="PayrollWageGrp"/>
    <!-- All time entries for the same facility owner -->
    <moqui.basic.Enumeration description="Facility Owner" enumId="PwgFacilityOwner" sequenceNum="2" enumTypeId="PayrollWageGrp"/>
    <!-- All time entries for the same facility -->
    <moqui.basic.Enumeration description="Facility" enumId="PwgFacility" sequenceNum="3" enumTypeId="PayrollWageGrp"/>
    <!-- Time Entry grouping should evaluate each time entry separately as for whether it achieved minimum wage -->
    <moqui.basic.Enumeration description="Time Entry" enumId="PwgTimeEntry" sequenceNum="10" enumTypeId="PayrollWageGrp"/>

    <!-- An FLSA workweek is a fixed, regularly-recurring period of 168 hours – that is, seven, consecutive, 24-hour periods –
         that the employer expressly adopts in order to maintain FLSA compliance.  It is unclear what effect daylight savings
         time has on the 168 hours, but it appears that the weeks that are short or long one hour are treated as 167 or 169
         hour weeks so that the following week would start at the same time. -->
    <mantle.party.PartySettingType description="Payroll FLSA - Workweek Begins On" partySettingTypeId="PayrollFlsaWrkWkBegOn"
                                   enumTypeId="DayOfWeek" defaultValue="DowMonday">
        <roles roleTypeId="OrgEmployer"/></mantle.party.PartySettingType>
    <mantle.party.PartySettingType description="Payroll FLSA - Workday Begins At" partySettingTypeId="PayrollFlsaWrkDayBegAt"
                                   validRegexp="\d\d\:\d\d" defaultValue="00:00">
        <roles roleTypeId="OrgEmployer"/></mantle.party.PartySettingType>

    <!-- RRP:
    Should time and associated pay for HOURLY Rest Breaks and NPT be extracted from time entries before calculating RRP?
        If Y and Rest Breaks or NPT are not recorded for HOURLY time entries, this will have no effect.
    Should HOURLY time entries be included in RRP calculation?
        If N, RRP calculation is performed against PIECE, HYBRID, and ND pay only.
    Should HOURLY Rest Breaks and NPT be paid RRP?
        If N, HOURLY Rest Breaks and NPT are paid HOURLY rate (If breaks are not extracted for RRP, they should not be paid RRP).
    Should PIECE/HYBRID Rest Breaks be paid the higher of RRP and the hourly rate they would have otherwise earned?
        If N, PIECE/HYBRID Rest Breaks will be paid RRP.
    Should Shift Differentials be included in RRP calculation?
        This is required in the USA by the FLSA: https://www.dol.gov/whd/regs/compliance/whdfs54.htm
    How frequently should RRP be calculated?
    -->
    <mantle.party.PartySettingType description="Payroll RRP - Exclude Breaks/NPT" partySettingTypeId="PayrollRrpExclBreak"
                                   enumTypeId="BooleanYN" defaultValue="BlY">
        <roles roleTypeId="OrgEmployer"/></mantle.party.PartySettingType>
    <mantle.party.PartySettingType description="Payroll RRP - Include Hourly Pay" partySettingTypeId="PayrollRrpInclHourly"
                                   enumTypeId="BooleanYN" defaultValue="BlY">
        <roles roleTypeId="OrgEmployer"/></mantle.party.PartySettingType>
    <mantle.party.PartySettingType description="Payroll RRP - Pay RRP on Hourly Break/NPT" partySettingTypeId="PayrollRrpPayOnHourlyBreakNpt"
                                   enumTypeId="BooleanYN" defaultValue="BlY">
        <roles roleTypeId="OrgEmployer"/></mantle.party.PartySettingType>
    <mantle.party.PartySettingType description="Payroll RRP - Pay Max(Hourly/RRP) on Piece Break" partySettingTypeId="PayrollRrpPayMaxRateOnPieceBreak"
                                   enumTypeId="BooleanYN" defaultValue="BlN">
        <roles roleTypeId="OrgEmployer"/></mantle.party.PartySettingType>
    <mantle.party.PartySettingType description="Payroll RRP - Include Shift Differentials" partySettingTypeId="PayrollRrpInclShDiff"
                                   enumTypeId="BooleanYN" defaultValue="BlY">
        <roles roleTypeId="OrgEmployer"/></mantle.party.PartySettingType>
    <mantle.party.PartySettingType description="Payroll RRP - Calc Period" partySettingTypeId="PayrollRrpCalcPer"
                                   enumTypeId="PayrollCalcPer" defaultValue="PcfWorkweek">
        <roles roleTypeId="OrgEmployer"/></mantle.party.PartySettingType>

    <!-- Overtime:
    Overtime Premium Factor
    Double time Premium Factor
    Should HOURLY OT/DT premiums be based on HOURLY rate if RRP calculation is $0?
        If N, OT/DT Premiums will be $0 (this only occurs if no minimum wage check is performed).
    Should HOURLY OT/DT premiums for HOURLY jobs be based on RRP?
        If Y, use RRP calculated rate.  FLSA allows using HOURLY wage at time of OT/DT, but employee/employer must agree.
    -->
    <mantle.party.PartySettingType description="Payroll OT - Overtime Premium" partySettingTypeId="PayrollOtOtPrem"
            validRegexp="\d\.\d" defaultValue="0.5">
        <roles roleTypeId="OrgEmployer"/></mantle.party.PartySettingType>
    <mantle.party.PartySettingType description="Payroll OT - Double Time Premium" partySettingTypeId="PayrollOtDtPrem"
            validRegexp="\d\.\d" defaultValue="1.0">
        <roles roleTypeId="OrgEmployer"/></mantle.party.PartySettingType>
    <mantle.party.PartySettingType description="Payroll OT - Hourly if no RRP" partySettingTypeId="PayrollOtHrNoRrp"
                                   enumTypeId="BooleanYN" defaultValue="BlY">
        <roles roleTypeId="OrgEmployer"/></mantle.party.PartySettingType>
    <mantle.party.PartySettingType description="Payroll OT - Hourly use RRP" partySettingTypeId="PayrollOtHrUseRrp"
                                   enumTypeId="BooleanYN" defaultValue="BlY">
        <roles roleTypeId="OrgEmployer"/></mantle.party.PartySettingType>

    <!-- Minimum Wage:
    Is Employee Subject to minimum wage?
        If N, no minimum wage check will be performed.
    What is the Employee's minimum wage?
    Should HOURLY time entries be included in minimum wage makeup calculation?
        If N, Minimum wage test is performed against PIECE and ND hours and pay only.
    How frequently should minimum wage be tested?
    What is the minimum wage grouping level?
        If a grouping level is defined, makeup pay will be assigned at this level.
    Should minimum wage makeup group by rate?
        If Y, treat each rate as a separate grouping level.  This allows multiple mininum wages.
    -->
    <mantle.party.PartySettingType description="Payroll MWG - Check Minimum Wage" partySettingTypeId="PayrollMwCheck"
                                   enumTypeId="BooleanYN" defaultValue="BlY">
        <roles roleTypeId="OrgEmployer"/></mantle.party.PartySettingType>
    <!--<mantle.party.PartySettingType description="Payroll MWG - Default Minimum Wage" partySettingTypeId="PayrollMwDefault"-->
                                   <!--validRegexp="\d+\.\d*" defaultValue="0">-->
        <!--<roles roleTypeId="OrgEmployer"/></mantle.party.PartySettingType>-->
    <mantle.party.PartySettingType description="Payroll MWG - Check Hourly Entries" partySettingTypeId="PayrollMwCheckHourly"
                                   enumTypeId="BooleanYN" defaultValue="BlY">
        <roles roleTypeId="OrgEmployer"/></mantle.party.PartySettingType>
    <mantle.party.PartySettingType description="Payroll MWG - Calc Period" partySettingTypeId="PayrollMwCalcPer"
                                   enumTypeId="PayrollCalcPer" defaultValue="PcfWorkweek">
        <roles roleTypeId="OrgEmployer"/></mantle.party.PartySettingType>
    <mantle.party.PartySettingType description="Payroll MWG - Calc Grouping" partySettingTypeId="PayrollMwCalcGrp"
                                   enumTypeId="PayrollWageGrp" defaultValue="PwgAll">
        <roles roleTypeId="OrgEmployer"/></mantle.party.PartySettingType>
    <mantle.party.PartySettingType description="Payroll MWG - Makeup Group By Rate" partySettingTypeId="PayrollMwMkpGrpByRate"
                                   enumTypeId="BooleanYN" defaultValue="BlN">
        <roles roleTypeId="OrgEmployer"/></mantle.party.PartySettingType>


    <!-- Workers Compensation (Risk Class):
        Default Risk Class defines the default risk class for an organization or an employee.
        Default Overrides Work Type determines whether the Default Risk Class overrides the risk class (if present)
            overrides the risk class determined by the type of work being performed. 
        Should overtime premiums be included in Workers Compensation Insurance calculations?
            Pennsylvania, Delaware, Utah, and Nevada are the only states that included it currently.
        Should shift differential premiums be included in Workers Compensation Insurance calculations?
    -->
    <mantle.party.PartySettingType description="Payroll WC - Default Risk Class" partySettingTypeId="PayrollWcRiskClass"
                                   enumTypeId="RiskClassType">
        <roles roleTypeId="OrgEmployer"/></mantle.party.PartySettingType>
    <mantle.party.PartySettingType description="Payroll WC - Default Overrides Work Type" partySettingTypeId="PayrollWcDftOvrWrkTp"
                                   enumTypeId="BooleanYN" defaultValue="BlY">
        <roles roleTypeId="OrgEmployer"/></mantle.party.PartySettingType>
    <mantle.party.PartySettingType description="Payroll WC - Include OT Premiums" partySettingTypeId="PayrollWcOtPrem"
                                   enumTypeId="BooleanYN" defaultValue="BlN">
        <roles roleTypeId="OrgEmployer"/></mantle.party.PartySettingType>
    <mantle.party.PartySettingType description="Payroll WC - Include Shift Diff Premiums" partySettingTypeId="PayrollWcShDiffPrem"
                                   enumTypeId="BooleanYN" defaultValue="BlY">
        <roles roleTypeId="OrgEmployer"/></mantle.party.PartySettingType>

    <!-- Pay Stub:
    Should HOURLY Rest Breaks that are paid HOURLY rate be combined with the associated HOURLY time entry on pay stub?
    -->
    <mantle.party.PartySettingType description="Payroll Stub - Combine Break/Hourly" partySettingTypeId="PayrollStubCombineBrHr"
            enumTypeId="BooleanYN" defaultValue="BlN">
        <roles roleTypeId="OrgEmployer"/></mantle.party.PartySettingType>

    <!-- Identification of Employees for tax authorities -->
    <mantle.party.PartySettingType description="Party Identification Type to use for Employees" partySettingTypeId="PayrollEmployeePartyIdType" defaultValue="PtidSsn">
        <roles roleTypeId="OrgEmployer"/></mantle.party.PartySettingType>
</entity-facade-xml>
